DELETE FROM member_role_history;
DELETE FROM project_history;
DELETE FROM reports_to;
DELETE FROM people;
DELETE FROM job_title;
DELETE FROM project_role;
DELETE FROM project;


-- 6 different project roles
INSERT INTO project_role(id, role_title) VALUES (1, 'project Manager');
INSERT INTO project_role(id, role_title) VALUES (2, 'Business Analyst');
INSERT INTO project_role(id, role_title) VALUES (3, 'Tech Lead');
INSERT INTO project_role(id, role_title) VALUES (4, 'Tester');
INSERT INTO project_role(id, role_title) VALUES (5, 'Software Architect');
INSERT INTO project_role(id, role_title) VALUES (6, 'UI/UX Designer');

-- 24 past and present projects (6 current projects for 6 teams)
INSERT INTO project (id, created_on, completed) VALUES (1, '2020-04-24 8:30', 'true');
INSERT INTO project (id, created_on, completed) VALUES (2, '2020-07-11 9:45', 'true');
INSERT INTO project (id, created_on, completed) VALUES (3, '2020-08-06 11:00', 'true');
INSERT INTO project (id, created_on, completed) VALUES (4, '2020-09-27 12:15', 'true');
INSERT INTO project (id, created_on, completed) VALUES (5, '2020-10-23 13:30', 'true');
INSERT INTO project (id, created_on, completed) VALUES (6, '2020-11-18 14:45', 'true');
INSERT INTO project (id, created_on, completed) VALUES (7, '2021-02-04 16:00', 'true');
INSERT INTO project (id, created_on, completed) VALUES (8, '2021-03-02 17:15', 'true');
INSERT INTO project (id, created_on, completed) VALUES (9, '2021-03-28 8:30', 'true');
INSERT INTO project (id, created_on, completed) VALUES (10, '2021-05-19 9:45', 'true');
INSERT INTO project (id, created_on, completed) VALUES (11, '2021-06-14 11:00', 'true');
INSERT INTO project (id, created_on, completed) VALUES (12, '2021-08-05 12:15', 'true');
INSERT INTO project (id, created_on, completed) VALUES (13, '2021-08-31 13:30', 'true');
INSERT INTO project (id, created_on, completed) VALUES (14, '2021-10-22 14:45', 'true');
INSERT INTO project (id, created_on, completed) VALUES (15, '2021-12-13 16:00', 'true');
INSERT INTO project (id, created_on, completed) VALUES (16, '2022-02-03 17:15', 'true');
INSERT INTO project (id, created_on, completed) VALUES (17, '2022-04-14 18:30', 'true');
INSERT INTO project (id, created_on, completed) VALUES (18, '2022-09-14 19:45', 'true');
INSERT INTO project (id, created_on, completed) VALUES (19, '2023-01-06 13:30', 'false');
INSERT INTO project (id, created_on, completed) VALUES (20, '2023-01-23 14:45', 'false');
INSERT INTO project (id, created_on, completed) VALUES (21, '2023-02-03 16:00', 'false');
INSERT INTO project (id, created_on, completed) VALUES (22, '2023-02-13 17:15', 'false');
INSERT INTO project (id, created_on, completed) VALUES (23, '2023-02-18 8:30', 'false');
INSERT INTO project (id, created_on, completed) VALUES (24, '2023-02-21 9:45', 'false');

-- 24 project history values (1 for each project)
INSERT INTO project_history(id, project_id, title, project_description, csf, success_metric, feedback, edited_on) VALUES (1, 1 ,'Titan', 'A project focused on the development of advanced military technology, such as high-altitude spy planes or unmanned aerial vehicles.', '"OF.01": 3, "OF.02": 5, "OF.03": 3, "OF.04": 2, "OF.05": 2, "OF.06": 2, "TF.01": 4, "TF.02": 2, "TF.03": 3, "TF.04": 2, "TF.05": 3, "TF.06": 4, "TF.07": 5, "CF.01": 4, "CF.02": 2, "CF.03": 2, "CF.04": 1, "PF.01": 5, "PF.02": 1, "PF.03": 3, "PF.04": 1, "PF.05": 2, "PF.06": 1, "PF.07": 1', '"budget": 2.42, "schedule": 2.51, "scope": 2.31, "team_building_and_dynamics": 3.63, "overall_quality": 2.19, "business_and_revenue_generated": 1.27, "functional_suitability": 2.44, "reliability": 3.42, "performance_efficiency": 2.96, "operability": 1.26, "security": 3.94, "compatibility": 3.66, "maintainability": 1.92, "transferability": 2.69, "user_satisfaction": 3.38, "team_satisfaction": 4.78, "top_management_satisfaction": 3.16, "overall_success": 1.38', 'Titan has successfully delivered advanced military technology beyond expectations.', '2020-07-11 14:45');
INSERT INTO project_history(id, project_id, title, project_description, csf, success_metric, feedback, edited_on) VALUES (2, 2 ,'project Hanks', 'A film or television project involving actor Tom Hanks, either as an actor or producer.', '"OF.01": 3, "OF.02": 4, "OF.03": 1, "OF.04": 1, "OF.05": 2, "OF.06": 2, "TF.01": 3, "TF.02": 4, "TF.03": 1, "TF.04": 2, "TF.05": 2, "TF.06": 5, "TF.07": 3, "CF.01": 3, "CF.02": 3, "CF.03": 5, "CF.04": 1, "PF.01": 3, "PF.02": 2, "PF.03": 2, "PF.04": 2, "PF.05": 1, "PF.06": 1, "PF.07": 1', '"budget": 2.82, "schedule": 4.09, "scope": 3.2, "team_building_and_dynamics": 1.52, "overall_quality": 2.12, "business_and_revenue_generated": 2.53, "functional_suitability": 1.48, "reliability": 4.02, "performance_efficiency": 4.47, "operability": 3.33, "security": 1.69, "compatibility": 1.89, "maintainability": 3.58, "transferability": 4.41, "user_satisfaction": 3.78, "team_satisfaction": 2.69, "top_management_satisfaction": 3.63, "overall_success": 3.63', 'project Hanks is set to break box office records with its new release.', '2020-08-06 16:00');
INSERT INTO project_history(id, project_id, title, project_description, csf, success_metric, feedback, edited_on) VALUES (3, 3 ,'Kodiak', 'A project related to the development of software, hardware, or equipment for the military or defense industry.', '"OF.01": 2, "OF.02": 1, "OF.03": 2, "OF.04": 5, "OF.05": 4, "OF.06": 5, "TF.01": 3, "TF.02": 1, "TF.03": 3, "TF.04": 2, "TF.05": 5, "TF.06": 4, "TF.07": 1, "CF.01": 1, "CF.02": 2, "CF.03": 4, "CF.04": 4, "PF.01": 5, "PF.02": 4, "PF.03": 2, "PF.04": 3, "PF.05": 3, "PF.06": 5, "PF.07": 1', '"budget": 4.31, "schedule": 3.65, "scope": 2.85, "team_building_and_dynamics": 4.0, "overall_quality": 4.54, "business_and_revenue_generated": 2.08, "functional_suitability": 4.44, "reliability": 4.38, "performance_efficiency": 4.66, "operability": 1.97, "security": 1.16, "compatibility": 3.97, "maintainability": 2.86, "transferability": 4.26, "user_satisfaction": 1.01, "team_satisfaction": 3.42, "top_management_satisfaction": 1.99, "overall_success": 3.11', 'Kodiak has revolutionized the defense industry with its cutting-edge technology.', '2020-09-27 17:15');
INSERT INTO project_history(id, project_id, title, project_description, csf, success_metric, feedback, edited_on) VALUES (4, 4 ,'Code Talkers', 'A project focused on the development of a code based on an indigenous language for use in military communication, as famously utilized by the Navajo Code Talkers in World War II.', '"OF.01": 3, "OF.02": 1, "OF.03": 3, "OF.04": 3, "OF.05": 2, "OF.06": 5, "TF.01": 2, "TF.02": 4, "TF.03": 5, "TF.04": 3, "TF.05": 1, "TF.06": 2, "TF.07": 1, "CF.01": 1, "CF.02": 4, "CF.03": 2, "CF.04": 1, "PF.01": 2, "PF.02": 1, "PF.03": 4, "PF.04": 4, "PF.05": 2, "PF.06": 3, "PF.07": 1', '"budget": 4.0, "schedule": 2.12, "scope": 3.26, "team_building_and_dynamics": 4.63, "overall_quality": 1.86, "business_and_revenue_generated": 2.56, "functional_suitability": 1.94, "reliability": 2.01, "performance_efficiency": 4.89, "operability": 4.81, "security": 1.83, "compatibility": 4.74, "maintainability": 1.86, "transferability": 2.42, "user_satisfaction": 4.61, "team_satisfaction": 1.76, "top_management_satisfaction": 3.67, "overall_success": 4.8', 'Code Talkers has received high praise for its innovative military communication code.', '2020-10-23 18:30');
INSERT INTO project_history(id, project_id, title, project_description, csf, success_metric, feedback, edited_on) VALUES (5, 5 ,'project Blue Book', 'A US Air Force study of UFO sightings and related phenomena that took place from 1952 to 1969.', '"OF.01": 1, "OF.02": 5, "OF.03": 2, "OF.04": 3, "OF.05": 1, "OF.06": 4, "TF.01": 4, "TF.02": 4, "TF.03": 1, "TF.04": 1, "TF.05": 2, "TF.06": 2, "TF.07": 3, "CF.01": 4, "CF.02": 3, "CF.03": 2, "CF.04": 4, "PF.01": 3, "PF.02": 2, "PF.03": 1, "PF.04": 4, "PF.05": 4, "PF.06": 3, "PF.07": 2', '"budget": 4.63, "schedule": 4.47, "scope": 2.96, "team_building_and_dynamics": 1.71, "overall_quality": 2.39, "business_and_revenue_generated": 4.48, "functional_suitability": 3.99, "reliability": 5.0, "performance_efficiency": 2.63, "operability": 1.6, "security": 3.91, "compatibility": 2.54, "maintainability": 3.36, "transferability": 4.43, "user_satisfaction": 1.04, "team_satisfaction": 4.64, "top_management_satisfaction": 2.26, "overall_success": 3.97', 'project Blue Book''s findings have shocked the world with their implications.', '2020-11-18 19:45');
INSERT INTO project_history(id, project_id, title, project_description, csf, success_metric, feedback, edited_on) VALUES (6, 6 ,'X Lab', 'A project related to experimental technology research and development, often with a focus on cutting-edge or classified applications.', '"OF.01": 4, "OF.02": 5, "OF.03": 3, "OF.04": 1, "OF.05": 2, "OF.06": 3, "TF.01": 2, "TF.02": 5, "TF.03": 5, "TF.04": 2, "TF.05": 4, "TF.06": 2, "TF.07": 4, "CF.01": 3, "CF.02": 2, "CF.03": 3, "CF.04": 4, "PF.01": 3, "PF.02": 5, "PF.03": 3, "PF.04": 2, "PF.05": 4, "PF.06": 5, "PF.07": 4', '"budget": 4.33, "schedule": 3.4, "scope": 4.12, "team_building_and_dynamics": 3.56, "overall_quality": 1.4, "business_and_revenue_generated": 1.31, "functional_suitability": 2.83, "reliability": 4.88, "performance_efficiency": 4.85, "operability": 1.41, "security": 3.98, "compatibility": 2.95, "maintainability": 1.75, "transferability": 4.78, "user_satisfaction": 2.42, "team_satisfaction": 4.32, "top_management_satisfaction": 1.8, "overall_success": 2.36', 'X Lab has made groundbreaking discoveries in experimental technology.', '2021-02-04 13:30');
INSERT INTO project_history(id, project_id, title, project_description, csf, success_metric, feedback, edited_on) VALUES (7, 7 ,'project 404', 'A project focused on resolving issues related to missing or inaccessible online content, or developing methods to prevent such issues.', '"OF.01": 2, "OF.02": 5, "OF.03": 2, "OF.04": 5, "OF.05": 3, "OF.06": 3, "TF.01": 1, "TF.02": 2, "TF.03": 5, "TF.04": 1, "TF.05": 5, "TF.06": 2, "TF.07": 3, "CF.01": 2, "CF.02": 4, "CF.03": 1, "CF.04": 5, "PF.01": 4, "PF.02": 1, "PF.03": 1, "PF.04": 5, "PF.05": 4, "PF.06": 2, "PF.07": 5', '"budget": 2.16, "schedule": 3.04, "scope": 2.36, "team_building_and_dynamics": 2.23, "overall_quality": 3.57, "business_and_revenue_generated": 2.95, "functional_suitability": 4.16, "reliability": 1.48, "performance_efficiency": 4.85, "operability": 1.68, "security": 2.79, "compatibility": 2.23, "maintainability": 3.33, "transferability": 2.38, "user_satisfaction": 2.13, "team_satisfaction": 2.8, "top_management_satisfaction": 2.62, "overall_success": 4.29', 'project 404 has solved the internet''s missing content problem once and for all.', '2021-03-02 14:45');
INSERT INTO project_history(id, project_id, title, project_description, csf, success_metric, feedback, edited_on) VALUES (8, 8 ,'Manhattan project', 'The code name for the US-led research and development program that produced the first atomic bombs during World War II.', '"OF.01": 2, "OF.02": 5, "OF.03": 1, "OF.04": 3, "OF.05": 5, "OF.06": 3, "TF.01": 5, "TF.02": 1, "TF.03": 4, "TF.04": 5, "TF.05": 3, "TF.06": 1, "TF.07": 1, "CF.01": 2, "CF.02": 3, "CF.03": 1, "CF.04": 2, "PF.01": 1, "PF.02": 1, "PF.03": 4, "PF.04": 1, "PF.05": 4, "PF.06": 5, "PF.07": 2', '"budget": 4.43, "schedule": 1.62, "scope": 1.6, "team_building_and_dynamics": 2.31, "overall_quality": 4.53, "business_and_revenue_generated": 4.25, "functional_suitability": 3.09, "reliability": 1.63, "performance_efficiency": 4.48, "operability": 3.77, "security": 2.15, "compatibility": 3.65, "maintainability": 2.68, "transferability": 3.27, "user_satisfaction": 1.68, "team_satisfaction": 3.72, "top_management_satisfaction": 3.7, "overall_success": 2.69', 'Manhattan project has changed the course of history with its unprecedented scientific achievements.', '2021-03-28 16:00');
INSERT INTO project_history(id, project_id, title, project_description, csf, success_metric, feedback, edited_on) VALUES (9, 9 ,'Durango', 'A project related to the development of video game consoles or related software and hardware.', '"OF.01": 1, "OF.02": 1, "OF.03": 5, "OF.04": 5, "OF.05": 3, "OF.06": 2, "TF.01": 1, "TF.02": 5, "TF.03": 3, "TF.04": 3, "TF.05": 4, "TF.06": 4, "TF.07": 2, "CF.01": 1, "CF.02": 4, "CF.03": 5, "CF.04": 4, "PF.01": 5, "PF.02": 5, "PF.03": 2, "PF.04": 4, "PF.05": 5, "PF.06": 4, "PF.07": 4', '"budget": 2.74, "schedule": 2.25, "scope": 1.44, "team_building_and_dynamics": 2.51, "overall_quality": 3.54, "business_and_revenue_generated": 2.88, "functional_suitability": 2.2, "reliability": 4.68, "performance_efficiency": 3.1, "operability": 4.99, "security": 1.35, "compatibility": 4.2, "maintainability": 1.63, "transferability": 4.49, "user_satisfaction": 1.06, "team_satisfaction": 2.33, "top_management_satisfaction": 2.56, "overall_success": 1.07', 'Durango''s new gaming console has exceeded all expectations.', '2021-05-19 17:15');
INSERT INTO project_history(id, project_id, title, project_description, csf, success_metric, feedback, edited_on) VALUES (10, 10 ,'Apollo', 'A series of manned space missions undertaken by NASA between 1961 and 1975, culminating in the first human moon landing in 1969.', '"OF.01": 1, "OF.02": 2, "OF.03": 3, "OF.04": 4, "OF.05": 1, "OF.06": 5, "TF.01": 2, "TF.02": 5, "TF.03": 3, "TF.04": 5, "TF.05": 5, "TF.06": 4, "TF.07": 2, "CF.01": 1, "CF.02": 3, "CF.03": 3, "CF.04": 2, "PF.01": 3, "PF.02": 3, "PF.03": 1, "PF.04": 2, "PF.05": 4, "PF.06": 4, "PF.07": 4', '"budget": 2.74, "schedule": 2.25, "scope": 1.44, "team_building_and_dynamics": 2.51, "overall_quality": 3.54, "business_and_revenue_generated": 2.88, "functional_suitability": 2.2, "reliability": 4.68, "performance_efficiency": 3.1, "operability": 4.99, "security": 1.35, "compatibility": 4.2, "maintainability": 1.63, "transferability": 4.49, "user_satisfaction": 1.06, "team_satisfaction": 2.33, "top_management_satisfaction": 2.56, "overall_success": 1.07', 'Apollo has accomplished humanity''s greatest achievement with the first moon landing.', '2021-06-14 8:30');
INSERT INTO project_history(id, project_id, title, project_description, csf, success_metric, feedback, edited_on) VALUES (11, 11 ,'Batman', 'A project related to the development of films, television shows, or other media related to the DC Comics superhero Batman.', '{csf sample}', '{success sample}', 'Batman''s latest installment has set a new standard for superhero films.', '2021-08-05 9:45');
INSERT INTO project_history(id, project_id, title, project_description, csf, success_metric, feedback, edited_on) VALUES (12, 12 ,'Bender project', 'A project related to the development of robotics or artificial intelligence, potentially with a focus on humanoid robots.', '{csf sample}', '{success sample}', 'Bender project has successfully developed a breakthrough in humanoid robotics.', '2021-08-31 8:30');
INSERT INTO project_history(id, project_id, title, project_description, csf, success_metric, feedback, edited_on) VALUES (13, 13 ,'Canary', 'A project related to the development of early warning or detection systems, often related to cybersecurity or other forms of threat detection.', '{csf sample}', '{success sample}', 'Canary''s early warning system has thwarted a major cyber attack.', '2021-10-22 9:45');
INSERT INTO project_history(id, project_id, title, project_description, csf, success_metric, feedback, edited_on) VALUES (14, 14 ,'Casanova', 'A project related to the development of dating apps or online matchmaking platforms.', '{csf sample}', '{success sample}', 'Casanova has disrupted the online dating industry with its revolutionary platform.', '2021-12-13 11:00');
INSERT INTO project_history(id, project_id, title, project_description, csf, success_metric, feedback, edited_on) VALUES (15, 15 ,'Cascade', 'A project related to the development of hydroelectric power, or other forms of renewable energy generation.', '{csf sample}', '{success sample}', 'Cascade has transformed renewable energy with its innovative hydroelectric system.', '2022-02-03 12:15');
INSERT INTO project_history(id, project_id, title, project_description, csf, success_metric, feedback, edited_on) VALUES (16, 16 ,'Bigfish', 'A project related to the investigation or prosecution of high-profile criminals or organized crime syndicates.', '{csf sample}', '{success sample}', 'Bigfish has brought down one of the world''s most notorious crime syndicates.', '2022-04-14 13:30');
INSERT INTO project_history(id, project_id, title, project_description, csf, success_metric, feedback, edited_on) VALUES (17, 17 ,'Fast Ball', 'A project related to the development of high-speed transportation technology, such as hyperloop or other forms of rapid transit.', '{csf sample}', '{success sample}', 'Fast Ball has set a new world record for land speed.', '2022-09-14 14:45');
INSERT INTO project_history(id, project_id, title, project_description, csf, success_metric, feedback, edited_on) VALUES (18, 18 ,'Edison', 'A project related to the development of electrical power systems or renewable energy technology, named after inventor Thomas Edison.', '{csf sample}', '{success sample}', 'Edison has made sustainable energy accessible and affordable for all.', '2023-01-06 16:00');
INSERT INTO project_history(id, project_id, title, project_description, csf, success_metric, feedback, edited_on) VALUES (19, 19 ,'Hercules', 'A project related to the development of heavy-lift or construction equipment, or potentially a military logistics project.', '{csf sample}', '{success sample}', 'Hercules has revolutionized the construction industry with its heavy-lift equipment.', '2023-01-23 17:15');
INSERT INTO project_history(id, project_id, title, project_description, csf, success_metric, feedback, edited_on) VALUES (20, 20 ,'Einstein', 'A project related to the development of theoretical physics or other cutting-edge scientific research, named after physicist Albert Einstein.', '{csf sample}', '{success sample}', 'Einstein has unlocked the secrets of the universe with its groundbreaking research.', '2023-02-03 8:30');
INSERT INTO project_history(id, project_id, title, project_description, csf, success_metric, feedback, edited_on) VALUES (21, 21 ,'Liberation', 'A project related to humanitarian aid or conflict resolution, often with a focus on war-torn or oppressed regions.', '{csf sample}', '{success sample}', 'Liberation has brought hope and aid to war-torn regions around the world.', '2023-02-13 9:45');
INSERT INTO project_history(id, project_id, title, project_description, csf, success_metric, feedback, edited_on) VALUES (22, 22 ,'Rhinestone', 'A project related to fashion or jewelry design, potentially with a focus on high-end or luxury items.', '{csf sample}', '{success sample}', 'Rhinestone has become the go-to choice for luxury fashion and jewelry.', '2023-02-18 11:00');
INSERT INTO project_history(id, project_id, title, project_description, csf, success_metric, feedback, edited_on) VALUES (23, 23 ,'Mercury', 'The code name for the US''s first human spaceflight program, which ran from 1958 to 1963.', '{csf sample}', '{success sample}', 'Mercury has paved the way for future space exploration with its first human spaceflight program.', '2023-02-21 12:15');
INSERT INTO project_history(id, project_id, title, project_description, csf, success_metric, feedback, edited_on) VALUES (24, 24 ,'Moonshine', 'A project related to the development of alcoholic beverages, often with a focus on craft brewing or distilling.', '{csf sample}', '{success sample}', 'Moonshine has become a household name in the craft brewing and distilling industry.', '2023-02-27 13:30');


-- 12 unique job types
INSERT INTO job_title (id, job_type) VALUES (1, 'CEO');
INSERT INTO job_title (id, job_type) VALUES (2, 'CTO');
INSERT INTO job_title (id, job_type) VALUES (3, 'VP of Marketing');
INSERT INTO job_title (id, job_type) VALUES (4, 'Product Manager');
INSERT INTO job_title (id, job_type) VALUES (5, 'project Manager');
INSERT INTO job_title (id, job_type) VALUES (6, 'Principle Software Engineer');
INSERT INTO job_title (id, job_type) VALUES (7, 'Senior Software engineer');
INSERT INTO job_title (id, job_type) VALUES (8, 'Software Engineer');
INSERT INTO job_title (id, job_type) VALUES (9, 'Software Engineer');
INSERT INTO job_title (id, job_type) VALUES (10, 'Software Engineer');
INSERT INTO job_title (id, job_type) VALUES (11, 'Junior Software Engineer');
INSERT INTO job_title (id, job_type) VALUES (12, 'Intern Software Engineer');

-- 125 unique people
INSERT INTO people(id, job_title_id, email, password_hash) VALUES (1,1, 'oyew@gmail.com', 'e0cd25d2ee09b438e5dbb244735b3f54e9e9bb24da99b5fbaa024fd812ce1ddc');
INSERT INTO people(id, job_title_id, email, password_hash) VALUES (2,2, 'abugg@gmail.com', '8f27f432fcbaa4b5180a1cc7a8fa166a93cda3c1bce6f19922dd519d02f4bb39');
INSERT INTO people(id, job_title_id, email, password_hash) VALUES (3,3, 'mbiologist@gmail.com', '15e2b0d3c33891ebb0f1ef609ec419420c20e320ce94c65fbc8c3312448eb225');
INSERT INTO people(id, job_title_id, email, password_hash) VALUES (4,4, 't.dactyl@yahoo.com', 'dd130a849d7b29e5541b05d2f7f86a4acd4f1ec598c1c9438783f56bc4f0ff80');
INSERT INTO people(id, job_title_id, email, password_hash) VALUES (5,4, 'p.legge@yahoo.com', 'f5e90db4ad4ef6b7187020b1da9b2c3427d8509f0e1ebf29360501f03d6a536b');
INSERT INTO people(id, job_title_id, email, password_hash) VALUES (6,5, 'a.grater@yahoo.com', 'ef797c8118f02dfb649607dd5d3f8c7623048c9c063d532cc95c5ed7a898a64f');
INSERT INTO people(id, job_title_id, email, password_hash) VALUES (7,5, 'l.erd@yahoo.com', '054b7b4999fc650193ac25c58c14f6d2462c67ce3766feaef70d89449e4fb541');
INSERT INTO people(id, job_title_id, email, password_hash) VALUES (8,5, 'a.mused@yahoo.com', 'a941a4c4fd0c01cddef61b8be963bf4c1e2b0811c037ce3f1835fddf6ef6c223');
INSERT INTO people(id, job_title_id, email, password_hash) VALUES (9,5, 'cnoring@gmail.com', '3ff1a2a18e1324ea6a9be667bfd4f436ee9e3a49a1df94f810e0c798d72bc531');
INSERT INTO people(id, job_title_id, email, password_hash) VALUES (10,5, 'loleeum@outlook.com', '7763022ec255cfaee0bb937347b92fc5e1f73b4cfd89b15683560d22958fd299');
INSERT INTO people(id, job_title_id, email, password_hash) VALUES (11,5, 'rosun@outlook.com', '0bef152eaf5e732108134ae777963282220a553f2351cab9ddbcced56bb339f9');
INSERT INTO people(id, job_title_id, email, password_hash) VALUES (12,6, 'rsin@gmail.com', 'ed8779a2222dc578f2cffbf308411b41381a94ef25801f9dfbe04746ea0944cd');
INSERT INTO people(id, job_title_id, email, password_hash) VALUES (13,6, 'iringing@gmail.com', 'daf11c675cc589fe6a8a3d0b39aa3f7fcad3b12240d6474ca4c01ba17fe29e05');
INSERT INTO people(id, job_title_id, email, password_hash) VALUES (14,6, 'e.sideways@yahoo.com', 'e7cf3ef4f17c3999a94f2c6f612e8a888e5b1026878e4e19398b23bd38ec221a');
INSERT INTO people(id, job_title_id, email, password_hash) VALUES (15,6, 'r.book@yahoo.com', 'ba049950da78aa7946f95cde6060e9b95fa979b6465f45c3dbeeb063c212e593');
INSERT INTO people(id, job_title_id, email, password_hash) VALUES (16,6, 'pturner@gmail.com', 'd2e306667da8876bdcf55e7f27d043437eeb63e89fde17dcd6ab445e6a07661c');
INSERT INTO people(id, job_title_id, email, password_hash) VALUES (17,6, 'rreport@gmail.com', 'a320480f534776bddb5cdb54b1e93d210a3c7d199e80a23c1b2178497b184c76');
INSERT INTO people(id, job_title_id, email, password_hash) VALUES (18,6, 'a.wind@yahoo.com', '752d6b3e4ae33a6d260fede18f055b2e83c35b0f14cf01efcb2c8edad1855050');
INSERT INTO people(id, job_title_id, email, password_hash) VALUES (19,6, 'canthemum@outlook.com', '8c1cdb9cb4dbac6dbb6ebd118ec8f9523d22e4e4cb8cc9df5f7e1e499bba3c10');
INSERT INTO people(id, job_title_id, email, password_hash) VALUES (20,6, 'a.teak@yahoo.com', 'ae7ea471cd26464fad8ef9abb9a78409ce1d2ba858f78f975afc81b95002d4a8');
INSERT INTO people(id, job_title_id, email, password_hash) VALUES (21,6, 'unice@outlook.com', '3b15f1751b540d4a1f37f469692781bca31c42ea362544c1742c4a569c75139d');
INSERT INTO people(id, job_title_id, email, password_hash) VALUES (22,6, 'abath@gmail.com', '9e4633d8746b59a6aec1c82f2f7c49fc3e49ac70b6b3803f96752dff8c481af2');
INSERT INTO people(id, job_title_id, email, password_hash) VALUES (23,6, 'hupp@gmail.com', '3020b7b4575804b2d09bf18a3dcd2fb263552d5106b3ac6c662786281280c420');
INSERT INTO people(id, job_title_id, email, password_hash) VALUES (24,6, 'itired@outlook.com', '43e0b289de335275036583b84eaef92c75acec334965c929fcde0824ef617bb4');
INSERT INTO people(id, job_title_id, email, password_hash) VALUES (25,6, 'aletterback@outlook.com', '463dde0eae844dde02e2310fd5957b9dd91893a23402246c7e0f639b29a503fc');
INSERT INTO people(id, job_title_id, email, password_hash) VALUES (26,6, 'hfuraletter@gmail.com', 'cda8c350aa27685f44d1d98a824f7400e335da1ddf97553208e38aef1b6a1b91');
INSERT INTO people(id, job_title_id, email, password_hash) VALUES (27,6, 'bhomesoon@outlook.com', '2b0bb1e6f402d8108eac6d9581bbb31abce446ba2028f2b8ced8e377f5a835df');
INSERT INTO people(id, job_title_id, email, password_hash) VALUES (28,6, 'b.mine@yahoo.com', 'c507a68f3093e885765257ed3f176c757aaf62bb4cbc2ef94b2e7da3406d9676');
INSERT INTO people(id, job_title_id, email, password_hash) VALUES (29,6, 'b.twishes@yahoo.com', '5f3d6952c5c5e22077fabf461de80f1ce475752fe75afcf5ca46bac438405619');
INSERT INTO people(id, job_title_id, email, password_hash) VALUES (30,6, 'cyasoon@gmail.com', '502913bfdd49eab564282dff101e6d167321237eeec66eedb2a438ed80fdeaa0');
INSERT INTO people(id, job_title_id, email, password_hash) VALUES (31,6, 'ayose@outlook.com', 'ed8b41ee9aaf0a06e0ae9027737d1b19c70aaf1e1e4d7432191b80a5f8677375');
INSERT INTO people(id, job_title_id, email, password_hash) VALUES (32,6, 'dend@outlook.com', '72ab994fa2eb426c051ef59cad617750bfe06d7cf6311285ff79c19c32afd236');
INSERT INTO people(id, job_title_id, email, password_hash) VALUES (33,6, 'ahug@outlook.com', 'df74455a474eaed107a498c7f207390be353fb373edc6da7cd724bc534d3d136');
INSERT INTO people(id, job_title_id, email, password_hash) VALUES (34,6, 'bdover@gmail.com', 'f80bc53ee144fecc1a9d5ae01e249f9cebd1105d2a7eb18d013e0fcda15f1be5');
INSERT INTO people(id, job_title_id, email, password_hash) VALUES (35,6, 'edover@gmail.com', 'c2b1fe374af47ebdeebd8ed8dae2e4deeea57ceba748c0e0db2a019d5e774cb7');
INSERT INTO people(id, job_title_id, email, password_hash) VALUES (36,7, 'w.makit@yahoo.com', '0f01a6dbfd8356396a4dd932acd35fe509e5460595fbceb4fadacc16623e1687');
INSERT INTO people(id, job_title_id, email, password_hash) VALUES (37,7, 'wfindit@outlook.com', 'cf0b854f5a17fdad773d462438d4d7328722b817d40a74ecb8d9ad79f98aa251');
INSERT INTO people(id, job_title_id, email, password_hash) VALUES (38,7, 'sblue@outlook.com', '493c55ee538476986b04e6cfc3ac21fdd67718019c4c100bacfb26dac1f566b9');
INSERT INTO people(id, job_title_id, email, password_hash) VALUES (39,7, 'sclowd@gmail.com', '62f104cdc00a03f55518a1a50f062b6404b3a50ba1bc0e267199ba38fdf4e6bf');
INSERT INTO people(id, job_title_id, email, password_hash) VALUES (40,7, 'aminstra@outlook.com', '840815f39c15d7ccbe3b5a2a3392eb92294f629cdad004d8354a5e7eb658f356');
INSERT INTO people(id, job_title_id, email, password_hash) VALUES (41,7, 'aortha@gmail.com', 'fbfb386efea67e816f2dda0a8c94a98eb203757aebb3f55f183755a192d44467');
INSERT INTO people(id, job_title_id, email, password_hash) VALUES (42,7, 'dallippa@gmail.com', '280d44ab1e9f79b5cce2dd4f58f5fe91f0fbacdac9f7447dffc318ceb79f2d02');
INSERT INTO people(id, job_title_id, email, password_hash) VALUES (43,7, 'dzynah@outlook.com', '4adff94eb3d10bb346911003109ff519afaca197efb481b9ab7505be779029b2');
INSERT INTO people(id, job_title_id, email, password_hash) VALUES (44,7, 'hmannerizorsa@gmail.com', 'b1d22768059c3d7dd2be859c538d2bb76fd086f54644b1270269f851d456d17b');
INSERT INTO people(id, job_title_id, email, password_hash) VALUES (45,7, 'llyzayta@outlook.com', 'c2e165d754aa21b0041cef862583ddb0f8f41848178bab0b39e82e9dbc7bf3c4');
INSERT INTO people(id, job_title_id, email, password_hash) VALUES (46,7, 'mjah@gmail.com', '6e00cd562cc2d88e238dfb81d9439de7ec843ee9d0c9879d549cb1436786f975');
INSERT INTO people(id, job_title_id, email, password_hash) VALUES (47,8, 'mateer@gmail.com', 'cbd73b4de50d140417d984485dac8ef09ffc68b9fc6a5fc44925ea75dcd0ffc0');
INSERT INTO people(id, job_title_id, email, password_hash) VALUES (48,8, 'rewer@outlook.com', '69a1325c1a6c82951bba6781c314563a8d1df2c261c5c0a7a3e01614169ec889');
INSERT INTO people(id, job_title_id, email, password_hash) VALUES (49,8, 't.ryta@yahoo.com', '31a290f5607e50618dd855c7ca0540ef560c8dd6aa7510071667c5c5428ccd9f');
INSERT INTO people(id, job_title_id, email, password_hash) VALUES (50,8, 't.green@yahoo.com', '7defc1efe487ed5532d7e6539dc0abac3a0c862ce1ff90b260dca267461aea64');
INSERT INTO people(id, job_title_id, email, password_hash) VALUES (51,8, 'bkade@gmail.com', '68487dc295052aa79c530e283ce698b8c6bb1b42ff0944252e1910dbecdc5425');
INSERT INTO people(id, job_title_id, email, password_hash) VALUES (52,8, 's.dupp@yahoo.com', '8a31debdacef47aaae75cf6ada20cbbe4bbc4cd88b0f5085ef6af7ecbb71f504');
INSERT INTO people(id, job_title_id, email, password_hash) VALUES (53,8, 'ndown@outlook.com', 'd67b72d5124f53afa60b7cb1205c1134fa27e8f4dd0818a2cf18a91313dd9faa');
INSERT INTO people(id, job_title_id, email, password_hash) VALUES (54,8, 'ctrariweis@gmail.com', '6691b62389b0e250aa73bb3e166bfef6c5558fa789bb32e70613e40c1cc81fc1');
INSERT INTO people(id, job_title_id, email, password_hash) VALUES (55,8, 'd.messwidme@yahoo.com', 'c2eb7898bb6771503ffee5d0c722e5b561fe480edbc30141880a1cdf1e5b1cf6');
INSERT INTO people(id, job_title_id, email, password_hash) VALUES (56,8, 'aannon@outlook.com', '3fde4fde5af49b7a59999a1c45674ade6040baac5ee696b91627ec90584e455a');
INSERT INTO people(id, job_title_id, email, password_hash) VALUES (57,8, 'a.domino@yahoo.com', 'c0c92990646fdc8df2daaf059bfe3307d1bc248c0f214c12aed91ec678a23c7b');
INSERT INTO people(id, job_title_id, email, password_hash) VALUES (58,8, 'cstale@gmail.com', '1a94d4f90898869088202d24e4b775c884c7f0c55495fb84149521bcf8703b97');
INSERT INTO people(id, job_title_id, email, password_hash) VALUES (59,8, 'alogwatch@outlook.com', '8f4a3cfd9be04f11663dae250664433668a14a2ae9752a05fe910aee22af6000');
INSERT INTO people(id, job_title_id, email, password_hash) VALUES (60,8, 'a.littlical@yahoo.com', '8de836644b9668038eccf13eb4b25b2922a5ba2de9466032eb7a206dfb9bf062');
INSERT INTO people(id, job_title_id, email, password_hash) VALUES (61,8, 's.meebuggah@yahoo.com', 'e9cee71ab932fde863338d08be4de9dfe39ea049bdafb342ce659ec5450b69ae');
INSERT INTO people(id, job_title_id, email, password_hash) VALUES (62,8, 'sgoodmate@gmail.com', '2c230caf7e0ae1a74109d457a70b0175fe51fcc54103644aea60839264cedba9');
INSERT INTO people(id, job_title_id, email, password_hash) VALUES (63,8, 'fclether@outlook.com', 'e54fc6b51915e222ba6196747a19ebb8dfa651fd2b46a385a0ded647fbfefda0');
INSERT INTO people(id, job_title_id, email, password_hash) VALUES (64,8, 's.moanees@yahoo.com', 'c6c158e6d325b870f169dd59240aa3fe63e0db9579a429e98453a78a5b001e66');
INSERT INTO people(id, job_title_id, email, password_hash) VALUES (65,8, 'tayelloribbin@gmail.com', '7b24052ca2f6d8e32311aeabeb6f3b376c8dfefd57eb9ad94a9eea4e1110e23a');
INSERT INTO people(id, job_title_id, email, password_hash) VALUES (66,8, 'hfirst@gmail.com', '1df1854015e31ca286d015345eaff29a6c6073f70984a3a746823d4cac16b075');
INSERT INTO people(id, job_title_id, email, password_hash) VALUES (67,8, 'pvere@gmail.com', '5c80565db6f29da0b01aa12522c37b32f121cbe47a861ef7f006cb22922dffa1');
INSERT INTO people(id, job_title_id, email, password_hash) VALUES (68,8, 'jaranda@outlook.com', '546577a8e67a4e8b90d5422a96cf979000f5dbfcfe6656cf1d1cb1605de840ab');
INSERT INTO people(id, job_title_id, email, password_hash) VALUES (69,8, 'o.tree@yahoo.com', '807a09440428c0a8aef58bd3ece32938b0d76e638119e47619756f5c2c20ff3a');
INSERT INTO people(id, job_title_id, email, password_hash) VALUES (70,8, 'jquil@gmail.com', 'd80c002570baa372cdecd07a10d2335f08ff0ef604d734e38f2923435485ba7f');
INSERT INTO people(id, job_title_id, email, password_hash) VALUES (71,9, 'athurium@gmail.com', 'fd740d2f01a9bf5c36660725c8273eecc67a68d4ada5a70f6187358bef836f99');
INSERT INTO people(id, job_title_id, email, password_hash) VALUES (72,9, 'cblossom@outlook.com', 'dd336e8dc37b2d7fd84d83b656f7bff4c14683f5340415fb3af70bffe82feac5');
INSERT INTO people(id, job_title_id, email, password_hash) VALUES (73,9, 'g.plant@yahoo.com', '661d86d98064de15098485414575e553c87d024b6311525157f20f2c9f4ab5b2');
INSERT INTO people(id, job_title_id, email, password_hash) VALUES (74,9, 'dphineum@gmail.com', '2cb4b1431b84ec15d35ed83bb927e27e8967d75f4bcd9cc4b25c8d879ae23e18');
INSERT INTO people(id, job_title_id, email, password_hash) VALUES (75,9, 'r.bush@yahoo.com', '6196952b030f31857b13560b53ee7d726df838e386a601bfdef8108a7d7c1ee7');
INSERT INTO people(id, job_title_id, email, password_hash) VALUES (76,9, 'pscope@outlook.com', 'f530ba2ce863abb8dbdbd8f0d94af1f0d4cad7dca8135d9456cce3932b560881');
INSERT INTO people(id, job_title_id, email, password_hash) VALUES (77,9, 'pthettick@outlook.com', '62c8edf8e1dbbb5e3e093355fad73e97e73272325cd6a3db97579ecccb773dea');
INSERT INTO people(id, job_title_id, email, password_hash) VALUES (78,9, 'p.kewshun@yahoo.com', '18e14a4020f80f63af577eb7744bd790a41e7cba8677684db335862bce23907d');
INSERT INTO people(id, job_title_id, email, password_hash) VALUES (79,9, 'rknee@outlook.com', 'd939573acff2c904066d77cfc4f703c663d46132c0247e16c53657d19f67df96');
INSERT INTO people(id, job_title_id, email, password_hash) VALUES (80,9, 'btheriveaquai@outlook.com', 'ed45d626b07112a8a501d9672f3b92796a6754b8d8d9cb4c617fec9774889220');
INSERT INTO people(id, job_title_id, email, password_hash) VALUES (81,9, 'konnabit@outlook.com', '0cfdb58aa2e1b28ca6eb84c0ea5009764d4dba5d0c821ccf3cbb79b141661385');
INSERT INTO people(id, job_title_id, email, password_hash) VALUES (82,9, 'c.fays@yahoo.com', '45c6e7eca20c122c015c28b547b3d4a44bbf04450bad458244c84c675cecf430');
INSERT INTO people(id, job_title_id, email, password_hash) VALUES (83,9, 'fdaway@outlook.com', 'f6274d9892026fe47dd5f96f708ef8983dccc7bacf5ee4a90b2400805adaea0a');
INSERT INTO people(id, job_title_id, email, password_hash) VALUES (84,9, 'w.yabinlatelee@yahoo.com', 'b563d321486d02f1b4f4ac90d2264661de6a4c91cd01fec53c58d8124e0318a9');
INSERT INTO people(id, job_title_id, email, password_hash) VALUES (85,9, 'csik@gmail.com', 'ef51306214d9a6361ee1d5b452e6d2bb70dc7ebb85bf9e02c3d4747fb57d6bec');
INSERT INTO people(id, job_title_id, email, password_hash) VALUES (86,9, 'garias@gmail.com', '69f7f7a7f8bca9970fa6f9c0b8dad06901d3ef23fd599d3213aa5eee5621c3e3');
INSERT INTO people(id, job_title_id, email, password_hash) VALUES (87,9, 't.story@yahoo.com', 'd0c721f9d960cf30bb35355adcbd44f613d3487e797fd9fcf5e3f74bcf07242d');
INSERT INTO people(id, job_title_id, email, password_hash) VALUES (88,9, 'j.tile@yahoo.com', 'f080aadab4239cced81e50815a5edc3123153a2768a2479bcc7ec75b6fb0c8e0');
INSERT INTO people(id, job_title_id, email, password_hash) VALUES (89,9, 'ssais@outlook.com', '4cc8f4d609b717356701c57a03e737e5ac8fe885da8c7163d3de47e01849c635');
INSERT INTO people(id, job_title_id, email, password_hash) VALUES (90,9, 'p.owt@yahoo.com', 'ff39faf5bf8f97e61dbc53e78861cf1536ab198178c0278f10efa280b5232739');
INSERT INTO people(id, job_title_id, email, password_hash) VALUES (91,9, 'l.nonmi@yahoo.com', 'f0810dbef45c2dd53e952c1436dfc95b55312c7bb43f1e39fd44741f1fe5ad39');
INSERT INTO people(id, job_title_id, email, password_hash) VALUES (92,9, 'lgwafranca@outlook.com', '4d4f26369171994f3a46776ee2d88494fb9955800a5bb6261c016c4bb9f30b56');
INSERT INTO people(id, job_title_id, email, password_hash) VALUES (93,9, 'adecco@gmail.com', '6f77aea8bb18900ea2f1b0cbfd0977cdda8856a28863b8c16a26cdf900bfb87d');
INSERT INTO people(id, job_title_id, email, password_hash) VALUES (94,9, 'lgwistic@gmail.com', '5dc53dd09f56888908635312264ba37754c835ef5f6972d863e5970606220563');
INSERT INTO people(id, job_title_id, email, password_hash) VALUES (95,10, 'onommanee@outlook.com', '23b5ed29a1e8409f70644e44faebae79ae687318efd719d9af29f8496b016a81');
INSERT INTO people(id, job_title_id, email, password_hash) VALUES (96,10, 'l.biding@yahoo.com', '4d23662712707b29c0ea3c1570cf86fef6dcb5210422b83f92739ed6dd013507');
INSERT INTO people(id, job_title_id, email, password_hash) VALUES (97,10, 'lnorda@outlook.com', 'cabe28bfa7f2eaede5d35ebf4dfe8bce5386fb7c298204a2407ed7a92f2ed1c3');
INSERT INTO people(id, job_title_id, email, password_hash) VALUES (98,10, 'dignayshun@gmail.com', '81bd1ec485539fe0a0ca5dcfd49d7f59f27d72bfbd410582d0cb777eb8767686');
INSERT INTO people(id, job_title_id, email, password_hash) VALUES (99,10, 'm.rowesoft@yahoo.com', '1b4c9133da73a711322404314402765ab0d23fd362a167d6f0c65bb215113d94');
INSERT INTO people(id, job_title_id, email, password_hash) VALUES (100,10, 'dmandingboss@gmail.com', 'c0fec7b1395800c5725039eb7587982d9534cf55e34c9ca5488cd4a094ca3782');
INSERT INTO people(id, job_title_id, email, password_hash) VALUES (101,10, 'smeedentalfloss@gmail.com', '52c29a207f6fe6cab220c52b0f9263ecb11043a48a25987b947db6db86f5e966');
INSERT INTO people(id, job_title_id, email, password_hash) VALUES (102,10, 'sknife@gmail.com', '7a2ec40ff8a1247c532309355f798a779e00acff579c63eec3636ffb2902c1ac');
INSERT INTO people(id, job_title_id, email, password_hash) VALUES (103,10, 'wdozeaplikayshun@outlook.com', '37bf92c0d4e3583f1225e753343347058836c18fdcaa0be2ec01a52aeee30001');
INSERT INTO people(id, job_title_id, email, password_hash) VALUES (104,11, 'majusted@outlook.com', 'c5422c052bfbd7bbd9764e0467688b62193fec4fa32a1b13af28d1708d5870ec');
INSERT INTO people(id, job_title_id, email, password_hash) VALUES (105,11, 'pblack@gmail.com', 'fa340114498cfb0f5dfedaf79ddcf3af3e3211a852438d087a77c1a4af98c42e');
INSERT INTO people(id, job_title_id, email, password_hash) VALUES (106,11, 'mnurrisht@outlook.com', 'f7f71a43c5f185c787ed32e86eda76b33fcda2298459eea3bdc552ba3f706ace');
INSERT INTO people(id, job_title_id, email, password_hash) VALUES (107,11, 'ppipe@gmail.com', 'f2bc445e2f3f011d56896cb1a4b078d57f9f7ffb3e4635523aebb242cdd714c7');
INSERT INTO people(id, job_title_id, email, password_hash) VALUES (108,11, 'ftick@gmail.com', '04e77bf8f95cb3e1a36a59d1e93857c411930db646b46c218a0352e432023cf2');
INSERT INTO people(id, job_title_id, email, password_hash) VALUES (109,11, 'sargo@gmail.com', '33c614ca3cf78827a85dc0d8d06bfcf8c4d923fd23c813acd50b80ed2d4d4fb3');
INSERT INTO people(id, job_title_id, email, password_hash) VALUES (110,11, 'cgoh@outlook.com', 'd38681074467c0bc147b17a9a12b9efa8cc10bcf545f5b0bccccf5a93c4a2b79');
INSERT INTO people(id, job_title_id, email, password_hash) VALUES (111,11, 'csayid@gmail.com', '1855f8fe0e94e2f8a0b09707b3159acc0be5a9f6bb1b8fc0c2e75b662398e050');
INSERT INTO people(id, job_title_id, email, password_hash) VALUES (112,11, 'nstitts@outlook.com', 'bd21d325214e32f6f242181d13d4a1b46198f17aa40094f1ad9d754b9fbf1b7c');
INSERT INTO people(id, job_title_id, email, password_hash) VALUES (113,11, 'm.labor@yahoo.com', '43b54beb2e712794596641f4084d24ea12d277e83eac8af3171e437d402b43dd');
INSERT INTO people(id, job_title_id, email, password_hash) VALUES (114,11, 'i.itchinos@yahoo.com', '34550715062af006ac4fab288de67ecb44793c3a05c475227241535f6ef7a81b');
INSERT INTO people(id, job_title_id, email, password_hash) VALUES (115,11, 'inotheridiya@outlook.com', '62aa3076608521912e38f088aa38837d3f2d46ec709ffd25109aa824e2390737');
INSERT INTO people(id, job_title_id, email, password_hash) VALUES (116,11, 'mleek@outlook.com', '53e5011c2ad90a02ebef012494a8ccdd2f9f0b53d3bdb80701381465c6053745');
INSERT INTO people(id, job_title_id, email, password_hash) VALUES (117,12, 'e.grate@yahoo.com', '6c7a16cdcd6df22d9ce8017f09ac108d8c72afb9cce7277e7471d67622087db8');
INSERT INTO people(id, job_title_id, email, password_hash) VALUES (118,12, 'aversaree@outlook.com', '8c089aa6d118a791e7b4181085cf5054e7afca2ee28ee15cf15ac81579f2dd28');
INSERT INTO people(id, job_title_id, email, password_hash) VALUES (119,12, 't.midsaylesman@yahoo.com', '23584d50c1b307e34d6500db6c48a9456e86f19af305877d5cf0f9050113ffe1');
INSERT INTO people(id, job_title_id, email, password_hash) VALUES (120,12, 'mkrismass@gmail.com', 'a84571394b5e99fe70aae39ece25f844acbaf83479e27f39a30732e092b19677');
INSERT INTO people(id, job_title_id, email, password_hash) VALUES (121,12, 'w.waites@yahoo.com', 'd931a74fe3bb28deee7f370e404c97740113e325b75c41335fe7798fbbbb67cc');
INSERT INTO people(id, job_title_id, email, password_hash) VALUES (122,12, 'c.strophobia@yahoo.com', 'a3854cb36ff318415df1ec1c08c453fdd9bf540f518496fbdd005d86a17ffb3b');
INSERT INTO people(id, job_title_id, email, password_hash) VALUES (123,12, 'a.gloindian@yahoo.com', '52b7fc6e58ff7da5721fcafc91046c035c169855b502cd6d92a6c754c073b206');
INSERT INTO people(id, job_title_id, email, password_hash) VALUES (124,12, 'dveeta@outlook.com', '92c7d71b95dc6540fc58e891dbe649fe72ae5e93b5f42fd7fbdeefe6cef3e51d');
INSERT INTO people(id, job_title_id, email, password_hash) VALUES (125,12, 'anormal@outlook.com', '15c6d611193988e468c7431229c59ce13b0407fba24f11d36c42680d7fa11e98');

-- Every people and the people they report to
INSERT INTO reports_to (reportee_id, manager_id) VALUES (1, 1);
INSERT INTO reports_to (reportee_id, manager_id) VALUES (2, 1);
INSERT INTO reports_to (reportee_id, manager_id) VALUES (3, 1);
INSERT INTO reports_to (reportee_id, manager_id) VALUES (4, 2);
INSERT INTO reports_to (reportee_id, manager_id) VALUES (5, 2);
INSERT INTO reports_to (reportee_id, manager_id) VALUES (6, 4);
INSERT INTO reports_to (reportee_id, manager_id) VALUES (7, 4);
INSERT INTO reports_to (reportee_id, manager_id) VALUES (8, 4);
INSERT INTO reports_to (reportee_id, manager_id) VALUES (9, 5);
INSERT INTO reports_to (reportee_id, manager_id) VALUES (10, 5);
INSERT INTO reports_to (reportee_id, manager_id) VALUES (11, 5);
INSERT INTO reports_to (reportee_id, manager_id) VALUES (12, 6);
INSERT INTO reports_to (reportee_id, manager_id) VALUES (13, 6);
INSERT INTO reports_to (reportee_id, manager_id) VALUES (14, 6);
INSERT INTO reports_to (reportee_id, manager_id) VALUES (15, 6);
INSERT INTO reports_to (reportee_id, manager_id) VALUES (16, 7);
INSERT INTO reports_to (reportee_id, manager_id) VALUES (17, 7);
INSERT INTO reports_to (reportee_id, manager_id) VALUES (18, 7);
INSERT INTO reports_to (reportee_id, manager_id) VALUES (19, 7);
INSERT INTO reports_to (reportee_id, manager_id) VALUES (20, 8);
INSERT INTO reports_to (reportee_id, manager_id) VALUES (21, 8);
INSERT INTO reports_to (reportee_id, manager_id) VALUES (22, 8);
INSERT INTO reports_to (reportee_id, manager_id) VALUES (23, 8);
INSERT INTO reports_to (reportee_id, manager_id) VALUES (24, 9);
INSERT INTO reports_to (reportee_id, manager_id) VALUES (25, 9);
INSERT INTO reports_to (reportee_id, manager_id) VALUES (26, 9);
INSERT INTO reports_to (reportee_id, manager_id) VALUES (27, 9);
INSERT INTO reports_to (reportee_id, manager_id) VALUES (28, 10);
INSERT INTO reports_to (reportee_id, manager_id) VALUES (29, 10);
INSERT INTO reports_to (reportee_id, manager_id) VALUES (30, 10);
INSERT INTO reports_to (reportee_id, manager_id) VALUES (31, 10);
INSERT INTO reports_to (reportee_id, manager_id) VALUES (32, 11);
INSERT INTO reports_to (reportee_id, manager_id) VALUES (33, 11);
INSERT INTO reports_to (reportee_id, manager_id) VALUES (34, 11);
INSERT INTO reports_to (reportee_id, manager_id) VALUES (35, 11);
INSERT INTO reports_to (reportee_id, manager_id) VALUES (36, 6);
INSERT INTO reports_to (reportee_id, manager_id) VALUES (37, 6);
INSERT INTO reports_to (reportee_id, manager_id) VALUES (38, 8);
INSERT INTO reports_to (reportee_id, manager_id) VALUES (39, 8);
INSERT INTO reports_to (reportee_id, manager_id) VALUES (40, 9);
INSERT INTO reports_to (reportee_id, manager_id) VALUES (41, 9);
INSERT INTO reports_to (reportee_id, manager_id) VALUES (42, 10);
INSERT INTO reports_to (reportee_id, manager_id) VALUES (43, 10);
INSERT INTO reports_to (reportee_id, manager_id) VALUES (44, 10);
INSERT INTO reports_to (reportee_id, manager_id) VALUES (45, 11);
INSERT INTO reports_to (reportee_id, manager_id) VALUES (46, 11);
INSERT INTO reports_to (reportee_id, manager_id) VALUES (47, 6);
INSERT INTO reports_to (reportee_id, manager_id) VALUES (48, 6);
INSERT INTO reports_to (reportee_id, manager_id) VALUES (49, 6);
INSERT INTO reports_to (reportee_id, manager_id) VALUES (50, 6);
INSERT INTO reports_to (reportee_id, manager_id) VALUES (51, 7);
INSERT INTO reports_to (reportee_id, manager_id) VALUES (52, 7);
INSERT INTO reports_to (reportee_id, manager_id) VALUES (53, 7);
INSERT INTO reports_to (reportee_id, manager_id) VALUES (54, 7);
INSERT INTO reports_to (reportee_id, manager_id) VALUES (55, 8);
INSERT INTO reports_to (reportee_id, manager_id) VALUES (56, 8);
INSERT INTO reports_to (reportee_id, manager_id) VALUES (57, 8);
INSERT INTO reports_to (reportee_id, manager_id) VALUES (58, 8);
INSERT INTO reports_to (reportee_id, manager_id) VALUES (59, 9);
INSERT INTO reports_to (reportee_id, manager_id) VALUES (60, 9);
INSERT INTO reports_to (reportee_id, manager_id) VALUES (61, 9);
INSERT INTO reports_to (reportee_id, manager_id) VALUES (62, 9);
INSERT INTO reports_to (reportee_id, manager_id) VALUES (63, 10);
INSERT INTO reports_to (reportee_id, manager_id) VALUES (64, 10);
INSERT INTO reports_to (reportee_id, manager_id) VALUES (65, 10);
INSERT INTO reports_to (reportee_id, manager_id) VALUES (66, 10);
INSERT INTO reports_to (reportee_id, manager_id) VALUES (67, 11);
INSERT INTO reports_to (reportee_id, manager_id) VALUES (68, 11);
INSERT INTO reports_to (reportee_id, manager_id) VALUES (69, 11);
INSERT INTO reports_to (reportee_id, manager_id) VALUES (70, 11);
INSERT INTO reports_to (reportee_id, manager_id) VALUES (71, 6);
INSERT INTO reports_to (reportee_id, manager_id) VALUES (72, 6);
INSERT INTO reports_to (reportee_id, manager_id) VALUES (73, 6);
INSERT INTO reports_to (reportee_id, manager_id) VALUES (74, 6);
INSERT INTO reports_to (reportee_id, manager_id) VALUES (75, 7);
INSERT INTO reports_to (reportee_id, manager_id) VALUES (76, 7);
INSERT INTO reports_to (reportee_id, manager_id) VALUES (77, 7);
INSERT INTO reports_to (reportee_id, manager_id) VALUES (78, 7);
INSERT INTO reports_to (reportee_id, manager_id) VALUES (79, 8);
INSERT INTO reports_to (reportee_id, manager_id) VALUES (80, 8);
INSERT INTO reports_to (reportee_id, manager_id) VALUES (81, 8);
INSERT INTO reports_to (reportee_id, manager_id) VALUES (82, 8);
INSERT INTO reports_to (reportee_id, manager_id) VALUES (83, 9);
INSERT INTO reports_to (reportee_id, manager_id) VALUES (84, 9);
INSERT INTO reports_to (reportee_id, manager_id) VALUES (85, 9);
INSERT INTO reports_to (reportee_id, manager_id) VALUES (86, 9);
INSERT INTO reports_to (reportee_id, manager_id) VALUES (87, 10);
INSERT INTO reports_to (reportee_id, manager_id) VALUES (88, 10);
INSERT INTO reports_to (reportee_id, manager_id) VALUES (89, 10);
INSERT INTO reports_to (reportee_id, manager_id) VALUES (90, 10);
INSERT INTO reports_to (reportee_id, manager_id) VALUES (91, 11);
INSERT INTO reports_to (reportee_id, manager_id) VALUES (92, 11);
INSERT INTO reports_to (reportee_id, manager_id) VALUES (93, 11);
INSERT INTO reports_to (reportee_id, manager_id) VALUES (94, 11);
INSERT INTO reports_to (reportee_id, manager_id) VALUES (95, 6);
INSERT INTO reports_to (reportee_id, manager_id) VALUES (96, 7);
INSERT INTO reports_to (reportee_id, manager_id) VALUES (97, 7);
INSERT INTO reports_to (reportee_id, manager_id) VALUES (98, 8);
INSERT INTO reports_to (reportee_id, manager_id) VALUES (99, 9);
INSERT INTO reports_to (reportee_id, manager_id) VALUES (100, 10);
INSERT INTO reports_to (reportee_id, manager_id) VALUES (101, 10);
INSERT INTO reports_to (reportee_id, manager_id) VALUES (102, 11);
INSERT INTO reports_to (reportee_id, manager_id) VALUES (103, 11);
INSERT INTO reports_to (reportee_id, manager_id) VALUES (104, 6);
INSERT INTO reports_to (reportee_id, manager_id) VALUES (105, 6);
INSERT INTO reports_to (reportee_id, manager_id) VALUES (106, 7);
INSERT INTO reports_to (reportee_id, manager_id) VALUES (107, 7);
INSERT INTO reports_to (reportee_id, manager_id) VALUES (108, 8);
INSERT INTO reports_to (reportee_id, manager_id) VALUES (109, 8);
INSERT INTO reports_to (reportee_id, manager_id) VALUES (110, 8);
INSERT INTO reports_to (reportee_id, manager_id) VALUES (111, 9);
INSERT INTO reports_to (reportee_id, manager_id) VALUES (112, 9);
INSERT INTO reports_to (reportee_id, manager_id) VALUES (113, 9);
INSERT INTO reports_to (reportee_id, manager_id) VALUES (114, 10);
INSERT INTO reports_to (reportee_id, manager_id) VALUES (115, 10);
INSERT INTO reports_to (reportee_id, manager_id) VALUES (116, 11);
INSERT INTO reports_to (reportee_id, manager_id) VALUES (117, 6);
INSERT INTO reports_to (reportee_id, manager_id) VALUES (118, 6);
INSERT INTO reports_to (reportee_id, manager_id) VALUES (119, 7);
INSERT INTO reports_to (reportee_id, manager_id) VALUES (120, 7);
INSERT INTO reports_to (reportee_id, manager_id) VALUES (121, 8);
INSERT INTO reports_to (reportee_id, manager_id) VALUES (122, 9);
INSERT INTO reports_to (reportee_id, manager_id) VALUES (123, 10);
INSERT INTO reports_to (reportee_id, manager_id) VALUES (124, 11);
INSERT INTO reports_to (reportee_id, manager_id) VALUES (125, 11);

INSERT INTO reports_to (reportee_id, manager_id) VALUES (2, 2);

INSERT INTO member_role_history(history_id, people_id, role_id) VALUES (1, 4, 1);
INSERT INTO member_role_history(history_id, people_id, role_id) VALUES (1, 6, 2);
INSERT INTO member_role_history(history_id, people_id, role_id) VALUES (1, 7, 3);
INSERT INTO member_role_history(history_id, people_id, role_id) VALUES (1, 8, 4);
INSERT INTO member_role_history(history_id, people_id, role_id) VALUES (1, 9, 5);
